{
  "crane_travel_s": [
    15.65,
    30.275
  ],
  "fitted": true,
  "oldest_wait_s": [
    85.50829548062939,
    444.6108739695792,
    1191.4476782346283,
    1800.0
  ],
  "own_wait_s": [
    209.81628077907772,
    595.539174887972,
    1219.9030242737717,
    1800.0
  ],
  "queue_len": [
    1.0,
    2.0,
    5.0
  ],
  "reach_s": [
    12.4,
    23.475,
    33.825
  ],
  "service_s": [
    166.32978927203067,
    188.80986590038316,
    228.21982758620692
  ],
  "truck_wait_s": [
    265.81784580611384,
    773.1862995473894,
    1800.0
  ]
}