{
  "fitted": true,
  "queue_len": [
    1.0,
    2.0,
    5.0
  ],
  "service_s": [
    166.3448275862069,
    189.05478927203066,
    229.52978927203065
  ]
}