{
  "DIFF1200": {
    "arm": "DIFF1200",
    "episode": 75,
    "val_total_cost": 95.735159625
  },
  "DIFF2400": {
    "arm": "DIFF2400",
    "episode": 105,
    "val_total_cost": 77.448293875
  }
}