{
  "g0.95": {
    "arm": "g0.95",
    "episode": 75,
    "val_objective": 69.709247375
  },
  "g0.99": {
    "arm": "g0.99",
    "episode": 105,
    "val_objective": 73.24250225
  },
  "g0.999": {
    "arm": "g0.999",
    "episode": 60,
    "val_objective": 69.0253845
  },
  "g1": {
    "arm": "g1",
    "episode": 150,
    "val_objective": 73.80498825
  }
}