{
  "cost_scale": 1.7458376501054444,
  "fit_seeds": [
    400000,
    400001,
    400002,
    400003,
    400004
  ],
  "term_shares": {
    "crane_travel": 0.0002477685475229387,
    "depart_delay": 0.0,
    "empty_travel": 0.04318251828256932,
    "imbalance": 0.0026791694059516854,
    "interference": 0.38322270910594136,
    "lane_cong": 0.48642769396837005,
    "long_wait": 0.0,
    "rehandle": 0.03194671381980748,
    "resequence": 0.0,
    "sts_wait": 0.0005521146768166445,
    "transfer_wait": 0.0032748459743280234,
    "truck_wait": 0.048466466218692446,
    "vessel_delay": 0.0
  }
}