{"mean": [0.0, 0.0, 6.53542440076769, 1500.1957836652487, 1.4745191432133702, 0.0, 859.4405805975217, 23.6461504840088, 241.94455661255947, 0.5143297423756357, 5.53542440076769, 1344.0300658444226, 0.0, 4.283518484793298], "std": [1.0, 1.0, 4.151459465930476, 1127.8541291962702, 2.659528731477665, 1.0, 837.2343521002261, 14.745712175943702, 132.201157447197, 1.0906767802041715, 4.151459465930476, 1068.6346268031514, 1.0, 7.435346608389166], "fitted": true}