{
 "queue_len": [
  1.0,
  3.0,
  6.0
 ],
 "oldest_wait_s": [
  126.45781230790567,
  640.5335918578371,
  1416.9135182674736
 ],
 "reach_s": [
  6.15,
  12.3,
  18.45
 ],
 "fitted": true
}