{
  "crane_travel_s": [
    15.5,
    29.975
  ],
  "fitted": true,
  "jobs_left": [
    2.0,
    5.0
  ],
  "oldest_wait_s": [
    87.51547236999613,
    448.6732128911053,
    1204.9859462586319,
    1800.0
  ],
  "own_wait_s": [
    215.17299785224714,
    610.0143724685586,
    1261.3613625146663,
    1800.0
  ],
  "queue_len": [
    1.0,
    2.0,
    5.0
  ],
  "reach_s": [
    12.4,
    23.325,
    33.375
  ],
  "service_s": [
    165.83984674329503,
    188.2748084291188,
    228.01484674329504
  ],
  "short_service_s": [
    188.2748084291188
  ],
  "truck_wait_s": [
    266.9534041966508,
    775.5707525907765,
    1800.0
  ],
  "work_left_s": [
    904.8639846743296,
    1788.3830459770115
  ]
}