{
  "INDEP@1000": {
    "arm": "INDEP",
    "episode": 500,
    "val_total_cost": 85.64132939999999
  },
  "INDEP@2000": {
    "arm": "INDEP",
    "episode": 1800,
    "val_total_cost": 84.56102634999999
  },
  "INDEP@500": {
    "arm": "INDEP",
    "episode": 500,
    "val_total_cost": 85.64132939999999
  },
  "QMIX@1000": {
    "arm": "QMIX",
    "episode": 50,
    "val_total_cost": 115.03549335
  },
  "QMIX@2000": {
    "arm": "QMIX",
    "episode": 1475,
    "val_total_cost": 107.77942270000001
  },
  "QMIX@500": {
    "arm": "QMIX",
    "episode": 50,
    "val_total_cost": 115.03549335
  }
}