{
 "w_wait": 1.0,
 "w_tail": 0.3,
 "w_move": 0.1,
 "w_rehandle": 0.1,
 "w_vessel": 0.3,
 "eta_empty": 0.0,
 "s_wait": 788.1105289058238,
 "s_tail": 83.52428474961567,
 "s_move": 35.1320987654321,
 "s_rehandle": 0.4345679012345679,
 "s_vessel": 0.3327442850383654,
 "fitted": true
}