{
  "fitted": true,
  "oldest_wait_s": [
    86.74933405479169,
    455.39839185850724,
    1208.9105982713154,
    1800.0
  ],
  "own_wait_s": [
    216.8316730283259,
    612.2561853586267,
    1262.7562673181874,
    1800.0
  ],
  "queue_len": [
    1.0,
    2.0,
    5.0
  ],
  "reach_s": [
    12.4,
    23.475,
    33.675
  ],
  "service_s": [
    166.3448275862069,
    189.05478927203066,
    228.9297892720307
  ]
}