{
 "w_wait": 0.0008333333333333334,
 "w_tail": 0.0011111111111111111,
 "w_move": 0.0001,
 "w_rehandle": 0.5,
 "w_vessel": 0.027777777777777776,
 "eta_empty": 0.0,
 "s_wait": 1.0,
 "s_tail": 1.0,
 "s_move": 1.0,
 "s_rehandle": 1.0,
 "s_vessel": 1.0,
 "fitted": true
}