{
 "w_wait": 1.0,
 "w_tail": 0.3,
 "w_move": 0.1,
 "w_rehandle": 0.1,
 "w_vessel": 0.3,
 "eta_empty": 0.0,
 "s_wait": 1298.9209404235792,
 "s_tail": 332.21445008621174,
 "s_move": 35.66373456790124,
 "s_rehandle": 0.5475308641975308,
 "s_vessel": 3.2056465312700113,
 "fitted": true
}