{
  "ft0.0001": {
    "arm": "ft0.0001",
    "episode": 0,
    "val_total_cost": 54.819979375
  },
  "ft0.0003": {
    "arm": "ft0.0003",
    "episode": 0,
    "val_total_cost": 54.819979375
  }
}