{"mean": [0.0, 0.0, 6.3521719386787305, 1443.0630165326872, 1.3404284671406974, 0.0, 828.1132523292711, 23.696761491989953, 241.42666907461322, 0.5098408337117533, 5.3521719386787305, 1297.3172802415431, 0.0, 4.428464266622214, 6.3521719386787305, 172.7817591467005, 241.42666907461322, 388.48099471232916, 13.70885639108117, 23.696761491989953, 0.0, 0.0], "std": [1.0, 1.0, 4.027284296053642, 1089.9069972269065, 2.4773302238106907, 1.0, 807.0840592332373, 14.781253238665254, 131.96575640635095, 1.0895433049785457, 4.027284296053642, 1038.3342014213026, 1.0, 7.5537061013273155, 4.027284296053642, 49.57312831084944, 78.59072768836823, 203.69302410718765, 10.07317107807365, 11.14165635730757, 1.0, 1.0], "fitted": true}