{"mean": [0.0, 0.0, 6.560541594707929, 1510.3714475739382, 1.5043621642584322, 0.0, 864.0896545315377, 23.760117793779973, 242.49526779094242, 0.5184544518627432, 5.560541594707929, 1353.9276069050052, 0.0, 4.25433635676282], "std": [1.0, 1.0, 4.238843934690387, 1158.6899455379246, 2.8209416479623868, 1.0, 854.1774644904132, 14.816221975978573, 133.12233672626098, 1.1000099590207466, 4.238843934690387, 1093.7489071943478, 1.0, 7.387695905244286], "fitted": true}