{
  "fitted": true,
  "oldest_wait_s": [
    79.2245163108746,
    432.4897302337449,
    1170.6308505845445,
    1800.0
  ],
  "own_wait_s": [
    209.13426408979467,
    600.7835264360292,
    1247.8146908742492,
    1800.0
  ],
  "queue_len": [
    1.0,
    2.0,
    5.0
  ],
  "reach_s": [
    12.4,
    23.475,
    33.975
  ],
  "service_s": [
    166.3448275862069,
    189.05478927203066,
    229.52978927203065
  ]
}