{
 "queue_len": [
  2.0,
  5.0,
  9.0
 ],
 "oldest_wait_s": [
  329.89488777919064,
  1203.540250645984,
  2190.279042662185
 ],
 "reach_s": [
  6.2,
  12.4,
  20.225
 ],
 "fitted": true
}